episode,score,total_reward,epsilon,steps,avg_loss,merge_rate,max_level_merges
1,2374,630,1.0,197,12.472916407371635,80.20304568527918,0
2,1820,531,0.9978787878787879,152,7.446548447797173,78.28947368421053,0
3,3825,989,0.9957575757575757,272,6.921306438305798,89.33823529411765,0
4,2927,806,0.9936363636363637,231,7.220687618503323,82.68398268398268,0
5,2353,634,0.9915151515151515,178,6.744713899794589,82.58426966292134,0
6,5102,1433,0.9893939393939394,355,6.579415156136096,91.26760563380282,1
7,3396,936,0.9872727272727273,247,6.519099159279333,87.4493927125506,0
8,3065,770,0.9851515151515151,237,6.081785841833187,84.81012658227847,0
9,4293,1104,0.983030303030303,299,5.74953925171026,89.63210702341136,0
10,3823,1043,0.980909090909091,267,5.625862162657891,89.8876404494382,0
11,4603,1291,0.9787878787878788,340,5.484199150169597,91.17647058823529,1
12,4508,1141,0.9766666666666667,309,5.736370288052605,91.2621359223301,1
13,4429,1263,0.9745454545454546,320,5.705213909596205,88.75,1
14,2979,802,0.9724242424242424,220,5.788404143940319,85.45454545454545,0
15,2370,633,0.9703030303030303,179,5.459465655534627,82.68156424581005,0
16,3569,942,0.9681818181818181,243,5.512722997508422,90.94650205761316,0
17,2657,751,0.9660606060606061,214,5.0350547382764725,82.2429906542056,0
18,1651,511,0.963939393939394,153,5.014503990123474,76.47058823529412,0
19,4868,1227,0.9618181818181818,330,4.791311543638056,91.21212121212122,1
20,2560,631,0.9596969696969697,201,4.56936199748101,83.08457711442786,0
21,4013,1052,0.9575757575757575,274,4.39026342517268,90.87591240875912,1
22,4479,1240,0.9554545454545454,305,4.680920758403715,89.8360655737705,0
23,3024,904,0.9533333333333334,221,4.6749725730171034,87.78280542986425,0
24,3075,844,0.9512121212121212,231,4.745707936101145,84.4155844155844,0
25,4304,1203,0.9490909090909091,307,4.557268082124791,90.22801302931596,0
26,2500,694,0.946969696969697,186,4.483860528597268,86.55913978494624,0
27,2706,791,0.9448484848484848,202,4.5413322873634865,85.64356435643565,0
28,2474,616,0.9427272727272727,186,4.341817503334374,84.94623655913979,0
29,2367,695,0.9406060606060607,196,4.300225925688841,81.12244897959184,0
30,3599,971,0.9384848484848485,261,4.316234689105973,90.80459770114942,0
31,2747,730,0.9363636363636364,204,4.20375161895565,86.27450980392157,0
32,2146,520,0.9342424242424242,162,4.21657086080975,80.24691358024691,0
33,3811,1046,0.9321212121212121,279,4.13851620048605,90.32258064516128,0
34,2250,702,0.93,185,4.066540004111625,78.91891891891892,0
35,2949,851,0.9278787878787879,205,4.145842979593975,86.82926829268293,0
36,5444,1455,0.9257575757575758,364,4.086306426551316,91.48351648351648,1
37,3030,736,0.9236363636363636,223,3.9916068604174217,85.20179372197309,0
38,1578,407,0.9215151515151515,139,3.7223989594754556,72.66187050359713,0
39,3368,818,0.9193939393939394,244,3.8901323744508085,85.65573770491804,0
40,3556,982,0.9172727272727272,267,3.68445228637381,89.13857677902621,0
41,2879,719,0.9151515151515152,208,4.14268899594362,84.61538461538461,0
42,2968,790,0.9130303030303031,221,3.7065341542748844,86.87782805429865,0
43,5311,1506,0.9109090909090909,351,3.8890570463278356,92.5925925925926,1
44,3692,902,0.9087878787878788,262,3.5783955518525974,87.78625954198473,0
45,4210,1024,0.9066666666666667,265,3.646910020990192,90.18867924528303,1
46,2798,734,0.9045454545454545,200,3.6438966184854507,84.5,0
47,4800,1327,0.9024242424242425,317,3.7534122489604287,91.48264984227129,1
48,1491,411,0.9003030303030303,130,3.8281827688217165,73.07692307692307,0
49,3432,894,0.8981818181818182,251,3.7299225729300205,90.43824701195219,0
50,1541,494,0.8960606060606061,143,3.8015092336214504,75.52447552447552,0
51,2493,660,0.8939393939393939,182,3.7532768970007426,82.96703296703298,0
52,1764,520,0.8918181818181818,156,3.7501093500699754,76.28205128205127,0
53,3122,864,0.8896969696969698,233,3.633312501620837,88.41201716738198,0
54,3378,879,0.8875757575757576,244,3.6404805408149468,88.52459016393442,0
55,2539,629,0.8854545454545455,176,3.5619618953628973,85.22727272727273,0
56,2895,789,0.8833333333333333,203,3.552229857209868,84.23645320197043,0
57,3644,1011,0.8812121212121212,271,3.7617730500513336,89.2988929889299,0
58,3307,927,0.8790909090909091,236,3.6996255032086776,88.98305084745762,0
59,2517,664,0.876969696969697,192,3.6007055354615054,80.72916666666666,0
60,3360,943,0.8748484848484849,241,3.666297490171377,87.13692946058092,0
61,2925,804,0.8727272727272728,209,3.465677804353705,88.03827751196172,0
62,3122,966,0.8706060606060606,235,3.6000891857958854,87.2340425531915,0
63,2061,543,0.8684848484848485,166,3.3451428449297524,81.32530120481928,0
64,4108,1022,0.8663636363636363,281,3.4872223325471436,90.39145907473309,0
65,2879,767,0.8642424242424243,220,3.3141505685719577,85.0,0
66,3183,914,0.8621212121212121,238,3.4397354361389865,87.39495798319328,0
67,2628,715,0.86,195,3.4740493450409327,86.15384615384616,0
68,2677,684,0.8578787878787879,200,3.63497618496418,85.5,0
69,3130,917,0.8557575757575757,232,3.4711628910796395,87.5,0
70,2787,755,0.8536363636363636,201,3.6163967663968974,84.07960199004975,0
71,4113,1156,0.8515151515151516,294,3.511749944313854,87.41496598639455,1
72,2141,525,0.8493939393939394,167,3.4279938886265553,82.03592814371258,0
73,2855,767,0.8472727272727273,217,3.4167429395535027,83.87096774193549,0
74,2479,667,0.8451515151515152,184,3.366484504678975,84.78260869565217,0
75,7769,2063,0.843030303030303,516,3.3308522204558053,92.24806201550388,2
76,4946,1344,0.8409090909090909,338,3.3392059912342997,90.53254437869822,1
77,3237,970,0.8387878787878789,241,3.3783302806719706,86.30705394190872,0
78,2715,657,0.8366666666666667,201,3.4528242966428917,84.5771144278607,0
79,3407,945,0.8345454545454546,240,3.483296224474907,86.66666666666667,0
80,3129,896,0.8324242424242425,222,3.340261936187744,88.28828828828829,0
81,3013,745,0.8303030303030303,223,3.237128806221111,85.20179372197309,0
82,4507,1248,0.8281818181818181,311,3.4059181324538694,89.38906752411575,1
83,2346,668,0.826060606060606,175,3.1620494515555246,82.28571428571428,0
84,2061,583,0.823939393939394,172,3.343740913757058,83.72093023255815,0
85,3462,1014,0.8218181818181818,258,3.3773870149324106,86.82170542635659,0
86,3840,1075,0.8196969696969697,285,3.283718393141763,88.0701754385965,0
87,3366,866,0.8175757575757576,242,3.387221054104734,88.42975206611571,0
88,2413,648,0.8154545454545454,191,3.2261033501300513,82.72251308900523,0
89,3234,1009,0.8133333333333334,243,3.5233039934448747,88.06584362139918,0
90,1947,529,0.8112121212121213,159,3.4506658593063833,81.76100628930818,0
91,2772,797,0.8090909090909091,219,3.3680680173717135,83.10502283105022,0
92,2352,689,0.806969696969697,193,3.388184148412912,82.38341968911918,0
93,1698,466,0.8048484848484849,155,3.6316453033877956,72.90322580645162,0
94,2291,673,0.8027272727272727,172,3.437448642281599,85.46511627906976,0
95,4817,1152,0.8006060606060607,314,3.4785561580566844,92.03821656050955,1
96,2201,617,0.7984848484848486,174,3.6636940830055322,82.75862068965517,0
97,3036,778,0.7963636363636364,226,3.4906107572327674,87.61061946902655,0
98,2122,630,0.7942424242424242,167,3.343578444269603,82.63473053892216,0
99,3443,910,0.7921212121212121,257,3.4738570989801727,86.7704280155642,0
100,4706,1263,0.79,320,3.561319790035486,90.9375,1
101,2295,639,0.7878787878787878,178,3.495637380674984,83.70786516853933,0
102,3267,900,0.7857575757575758,246,3.6592198925289683,86.58536585365853,0
103,1944,559,0.7836363636363637,169,3.362058668446964,78.10650887573965,0
104,2343,658,0.7815151515151515,177,3.50906703162328,80.22598870056498,0
105,3514,899,0.7793939393939394,254,3.7187676129378673,87.79527559055119,0
106,4388,1217,0.7772727272727273,309,3.4800447653798225,89.96763754045307,0
107,3621,971,0.7751515151515151,270,3.6204314832334163,89.62962962962962,0
108,3416,940,0.7730303030303031,243,3.625188906496935,86.83127572016461,0
109,2178,620,0.7709090909090909,166,3.3163851722177253,83.13253012048193,0
110,2687,747,0.7687878787878788,215,3.673126695322436,83.25581395348837,0
111,3723,1097,0.7666666666666667,266,3.5039622218985307,87.59398496240601,0
112,4378,1238,0.7645454545454546,295,3.4973327644800736,90.5084745762712,1
113,3413,937,0.7624242424242424,250,3.5409578223228455,87.2,0
114,3048,870,0.7603030303030303,219,3.672959951505269,86.7579908675799,0
115,5544,1594,0.7581818181818182,380,3.6614370490375316,92.89473684210526,1
116,2955,814,0.7560606060606061,214,3.580117613912743,85.51401869158879,0
117,2850,723,0.7539393939393939,218,3.4541359986733955,86.69724770642202,0
118,4304,1210,0.7518181818181818,307,3.513965613290619,89.57654723127035,0
119,2800,721,0.7496969696969698,204,3.3637992225441278,86.76470588235294,0
120,3858,1018,0.7475757575757576,271,3.4953573295551035,89.2988929889299,0
121,4598,1228,0.7454545454545455,302,3.6976044395112044,91.05960264900662,1
122,2492,723,0.7433333333333334,189,3.4585983179233692,84.65608465608466,0
123,3551,973,0.7412121212121212,257,3.3801435751673776,88.715953307393,0
124,2746,794,0.7390909090909091,212,3.5434960959092625,84.43396226415094,0
125,3484,1047,0.736969696969697,254,3.484321711100931,87.4015748031496,0
126,2461,660,0.7348484848484849,193,3.531036693197458,80.31088082901555,0
127,3231,934,0.7327272727272727,248,3.3151162036003603,86.69354838709677,0
128,2199,604,0.7306060606060607,178,3.613781946428706,81.46067415730337,0
129,1984,594,0.7284848484848485,164,3.5335291398734583,79.26829268292683,0
130,2334,617,0.7263636363636363,181,3.4833935835084864,83.97790055248619,0
131,2503,682,0.7242424242424242,186,3.4373663401090973,81.18279569892472,0
132,3669,982,0.7221212121212122,259,3.537337733511759,88.8030888030888,0
133,1774,484,0.72,146,3.5340477432290167,78.76712328767124,0
134,4177,1101,0.7178787878787879,297,3.4642839588300145,87.87878787878788,0
135,2538,633,0.7157575757575758,195,3.5939487879092877,82.05128205128204,0
136,2178,738,0.7136363636363636,199,3.6391899519829294,80.40201005025126,0
137,2433,722,0.7115151515151514,196,3.3802319953636246,80.10204081632652,0
138,3208,827,0.7093939393939395,227,3.576494916420151,85.46255506607929,0
139,3190,859,0.7072727272727273,240,3.4487234796086947,87.08333333333333,0
140,1654,501,0.7051515151515152,137,3.870359528673826,75.18248175182481,0
141,4260,1154,0.703030303030303,303,3.5243441314980535,90.0990099009901,0
142,2867,768,0.7009090909090909,220,3.638050791350278,87.72727272727273,0
143,2336,654,0.6987878787878788,183,3.5651978430200795,83.60655737704919,0
144,2818,752,0.6966666666666668,205,3.5239042991545144,85.85365853658537,0
145,1937,545,0.6945454545454546,162,3.594141373663773,77.1604938271605,0
146,3103,812,0.6924242424242424,221,3.7972593717445617,85.97285067873304,0
147,2727,772,0.6903030303030304,217,3.5359605006907944,86.17511520737328,0
148,2884,816,0.6881818181818182,213,3.549117254539275,87.32394366197182,0
149,2497,650,0.6860606060606061,191,3.5795203765649446,83.24607329842932,0
150,3273,837,0.683939393939394,229,3.5142296380871767,86.8995633187773,1
151,3149,868,0.6818181818181819,238,3.551596600468419,83.19327731092437,0
152,3426,930,0.6796969696969697,256,3.4152072854340076,88.28125,0
153,5136,1397,0.6775757575757576,336,3.406974577478,90.77380952380952,1
154,3460,914,0.6754545454545455,247,3.4813777164891664,87.04453441295547,0
155,2900,874,0.6733333333333333,217,3.4320129782373456,84.33179723502305,0
156,3468,915,0.6712121212121211,251,3.334356609568653,88.04780876494024,0
157,1872,513,0.6690909090909092,156,3.2290158646228986,78.84615384615384,0
158,4942,1299,0.666969696969697,343,3.373355514801626,92.4198250728863,1
159,2052,564,0.6648484848484849,169,3.256421223900022,81.65680473372781,0
160,2556,754,0.6627272727272728,188,3.1310879448626903,84.57446808510637,0
161,3763,964,0.6606060606060606,268,3.466609437074234,87.68656716417911,0
162,1769,501,0.6584848484848485,155,3.397923643358292,81.29032258064515,0
163,2294,702,0.6563636363636364,175,3.489136520113264,86.28571428571429,0
164,2465,734,0.6542424242424243,187,3.124808872447294,81.28342245989305,0
165,3103,894,0.6521212121212121,236,3.2556000442828164,84.32203389830508,0
166,3385,1008,0.65,245,3.29245427871237,86.93877551020408,0
167,1382,409,0.6478787878787879,144,3.25152630938424,72.22222222222221,0
168,3677,1026,0.6457575757575758,279,3.1677864777144564,87.81362007168458,0
169,5090,1372,0.6436363636363637,351,3.3086355309880355,92.87749287749287,1
170,3177,826,0.6415151515151516,214,3.527304126837543,88.78504672897196,0
171,2603,701,0.6393939393939394,195,3.3942624318294037,83.58974358974359,0
172,4502,1322,0.6372727272727272,319,3.353005093840596,90.28213166144201,1
173,1928,538,0.6351515151515152,170,3.5694438548649057,81.17647058823529,0
174,4336,1164,0.633030303030303,294,3.5641442488650887,91.49659863945578,0
175,3071,860,0.630909090909091,239,3.4362770658157857,86.61087866108787,0
176,2161,543,0.6287878787878789,164,3.50115262517115,84.14634146341463,0
177,2537,724,0.6266666666666667,199,3.35673979898194,86.93467336683418,0
178,3671,1067,0.6245454545454546,267,3.3468775762600846,90.2621722846442,0
179,4073,1179,0.6224242424242425,301,3.2904632776678597,89.70099667774086,1
180,2921,785,0.6203030303030304,220,3.3461649482900446,85.9090909090909,0
181,3578,979,0.6181818181818182,251,3.2758184384064846,88.84462151394422,0
182,3217,774,0.6160606060606062,230,3.317066025733948,88.69565217391305,0
183,2508,759,0.613939393939394,198,3.44330193418445,82.32323232323232,0
184,5321,1471,0.6118181818181818,361,3.4121076007298816,90.02770083102493,1
185,2754,793,0.6096969696969697,212,3.2639309977585413,85.37735849056604,0
186,4800,1153,0.6075757575757577,323,3.2335571342208436,90.71207430340557,0
187,5078,1386,0.6054545454545455,349,3.457733867844743,91.69054441260745,1
188,2580,683,0.6033333333333334,190,3.325209913755718,84.73684210526315,0
189,5004,1303,0.6012121212121213,344,3.2227360689362814,90.69767441860465,1
190,2438,696,0.5990909090909091,179,3.1874015890686205,85.47486033519553,0
191,2413,658,0.596969696969697,182,3.5874279855371833,81.86813186813187,0
192,3323,924,0.594848484848485,242,3.462574723338293,88.42975206611571,0
193,2278,623,0.5927272727272728,174,3.303436606094755,82.75862068965517,0
194,3871,1082,0.5906060606060606,280,3.3246888343776977,90.0,0
195,2504,742,0.5884848484848485,206,3.121345289702554,85.92233009708737,0
196,3929,1080,0.5863636363636364,299,3.276619097062178,87.29096989966555,0
197,3046,780,0.5842424242424242,222,3.1401882134042345,89.1891891891892,0
198,4083,1194,0.5821212121212122,286,3.2530740174380215,87.76223776223776,1
199,2441,642,0.5800000000000001,189,3.026364344768423,84.12698412698413,0
200,2353,663,0.5778787878787879,171,3.2382102347256843,85.38011695906432,0
201,3061,854,0.5757575757575758,226,3.2808317594823584,84.51327433628319,0
202,4757,1250,0.5736363636363637,328,3.1913545371555703,90.85365853658537,1
203,2941,856,0.5715151515151515,216,3.219830207802631,84.25925925925925,0
204,3008,768,0.5693939393939393,218,3.2747399637458523,85.77981651376146,0
205,3653,1018,0.5672727272727274,260,3.3153895190128915,88.07692307692308,0
206,4009,1210,0.5651515151515152,288,3.364684750636419,89.93055555555556,1
207,3750,1019,0.563030303030303,276,3.284018994673439,88.76811594202898,0
208,3434,932,0.560909090909091,248,3.404654119283922,89.91935483870968,0
209,4693,1252,0.5587878787878788,317,3.3232837640900716,89.90536277602523,1
210,6450,1817,0.5566666666666668,448,3.5476185269653797,93.52678571428571,1
211,4278,1139,0.5545454545454546,276,3.6118909660456837,89.13043478260869,1
212,4152,1109,0.5524242424242425,290,3.4665187806918705,88.62068965517241,1
213,5084,1448,0.5503030303030304,346,3.5556038469937494,90.46242774566474,1
214,4460,1252,0.5481818181818183,316,3.3988349200049535,87.65822784810126,1
215,3780,933,0.5460606060606061,270,3.4636843500313934,90.74074074074075,0
216,2299,617,0.543939393939394,178,3.268279301986266,81.46067415730337,0
217,3221,786,0.5418181818181818,217,3.230373428164539,85.71428571428571,0
218,3146,826,0.5396969696969698,237,3.427611368617931,86.49789029535864,0
219,4555,1216,0.5375757575757576,319,3.4186125492974884,90.9090909090909,1
220,4774,1213,0.5354545454545455,329,3.391149344415288,89.96960486322189,1
221,3655,1038,0.5333333333333334,251,3.680026545942542,86.45418326693228,0
222,3009,937,0.5312121212121212,236,3.3219811825428978,86.01694915254238,0
223,2813,719,0.5290909090909092,205,3.7185973801263947,85.85365853658537,0
224,5808,1694,0.5269696969696971,399,3.3370805103378487,91.97994987468672,1
225,2941,828,0.5248484848484849,214,3.387095610115016,85.04672897196261,0
226,2860,805,0.5227272727272727,222,3.447763064423123,87.38738738738738,0
227,2149,665,0.5206060606060606,172,3.5530662668305775,81.3953488372093,0
228,4195,1265,0.5184848484848485,300,3.412160346110662,90.33333333333333,0
229,4358,1182,0.5163636363636364,302,3.3854580245270633,89.0728476821192,0
230,2250,607,0.5142424242424243,181,3.39375891738175,84.5303867403315,0
231,4471,1125,0.5121212121212122,295,3.5431812710681205,90.84745762711864,0
232,2846,763,0.51,213,3.516869586958012,87.32394366197182,0
233,2700,733,0.5078787878787879,195,3.285583395224351,84.61538461538461,0
234,4827,1378,0.5057575757575759,331,3.3770978834333736,91.23867069486404,1
235,4372,1092,0.5036363636363637,297,3.3835885777617944,89.56228956228956,0
236,2191,576,0.5015151515151516,178,3.489973861179995,78.08988764044943,0
237,5757,1601,0.4993939393939395,371,3.25950518901136,92.18328840970351,1
238,1877,550,0.4972727272727273,153,3.23189295117372,80.3921568627451,0
239,5313,1470,0.49515151515151523,352,3.5046421651813118,92.89772727272727,1
240,2829,768,0.49303030303030315,205,3.2993493603497015,88.29268292682927,0
241,2669,656,0.49090909090909096,197,3.2830373248473035,85.27918781725889,0
242,4295,1182,0.4887878787878789,305,3.8406928339942557,91.14754098360656,0
243,2133,605,0.4866666666666667,169,3.422792903064976,79.88165680473372,0
244,2090,605,0.4845454545454546,167,3.3932560739403,82.63473053892216,0
245,2419,669,0.48242424242424253,180,3.3491790983412,86.11111111111111,0
246,4100,1125,0.48030303030303034,290,3.486148540315957,88.96551724137932,1
247,2750,800,0.47818181818181826,202,3.3823293052097356,83.16831683168317,0
248,3579,969,0.4760606060606061,259,3.4307838503458323,88.8030888030888,0
249,2758,865,0.473939393939394,202,3.476323933294504,88.11881188118812,0
250,3689,1012,0.4718181818181819,260,3.3392899540754466,87.3076923076923,0
251,1974,537,0.4696969696969697,157,3.3645484849905514,79.61783439490446,0
252,3270,838,0.46757575757575764,234,3.4232523359804072,88.03418803418803,0
253,2842,826,0.46545454545454545,224,3.345766587981156,85.71428571428571,0
254,4551,1173,0.4633333333333334,310,3.4497663017242184,91.29032258064517,1
255,3776,930,0.4612121212121213,269,3.297518434577715,87.36059479553904,0
256,3469,854,0.4590909090909091,249,3.46886153584982,86.74698795180723,0
257,2130,637,0.456969696969697,188,3.407310128846067,80.85106382978722,0
258,2392,643,0.45484848484848484,170,3.6280673090149373,85.88235294117646,0
259,2429,680,0.45272727272727276,181,3.324102376706034,83.42541436464089,0
260,3436,956,0.4506060606060607,250,3.4618255925178527,87.6,0
261,2263,636,0.4484848484848485,175,3.5503124673025948,85.71428571428571,0
262,2173,594,0.4463636363636364,171,3.331942883848447,80.11695906432749,0
263,3393,952,0.4442424242424242,243,3.485126407548724,86.41975308641975,0
264,4581,1207,0.44212121212121214,318,3.352685588335841,89.937106918239,1
265,3945,1037,0.44000000000000006,278,3.654894999891734,89.92805755395683,0
266,3912,1033,0.43787878787878787,267,3.5025420818436013,88.76404494382022,1
267,2697,739,0.4357575757575758,208,3.5492456417817335,83.65384615384616,0
268,2635,690,0.4336363636363636,183,3.3809798102561244,86.33879781420765,0
269,3661,944,0.43151515151515163,261,3.500539287753489,86.20689655172413,0
270,2435,664,0.42939393939393944,209,3.5128193306580684,83.73205741626795,0
271,4718,1249,0.42727272727272725,318,3.432445705686725,93.39622641509435,1
272,5565,1446,0.42515151515151517,367,3.4529951313860736,93.73297002724796,1
273,2100,641,0.423030303030303,167,3.515816332337385,80.83832335329342,0
274,3507,901,0.420909090909091,238,3.731285158325644,89.07563025210085,0
275,3237,868,0.4187878787878788,223,3.640180371801949,89.23766816143498,0
276,4612,1435,0.41666666666666663,324,3.4867672475031863,91.66666666666666,1
277,4445,1193,0.41454545454545455,312,3.6419796500450525,89.42307692307693,1
278,2246,626,0.41242424242424236,170,3.5765730892910677,80.0,0
279,4754,1232,0.4103030303030304,316,3.6830263790450517,92.40506329113924,1
280,2979,856,0.4081818181818182,223,3.5504322909988097,84.30493273542601,0
281,2820,716,0.406060606060606,212,3.691758354317467,84.43396226415094,0
282,1930,544,0.40393939393939393,160,3.898388171941042,75.625,0
283,4726,1248,0.40181818181818196,311,3.595325029547958,91.31832797427653,1
284,3064,830,0.3996969696969698,224,3.7200925504522666,85.26785714285714,0
285,2630,735,0.3975757575757577,201,3.919720267775047,85.57213930348259,0
286,5797,1516,0.3954545454545455,387,3.895665775897891,91.21447028423772,1
287,4640,1211,0.3933333333333334,311,3.6064122244476122,90.35369774919614,0
288,2894,874,0.39121212121212134,216,3.6256952070527606,83.33333333333334,0
289,3539,1051,0.38909090909090915,258,3.8094780435857847,89.53488372093024,0
290,3287,975,0.3869696969696971,245,3.797235362383784,87.34693877551021,0
291,4171,1184,0.3848484848484849,297,3.6984120731803305,91.91919191919192,0
292,2730,708,0.3827272727272729,211,3.499938094785428,83.88625592417061,0
293,2140,524,0.3806060606060607,162,3.7690979065718473,78.39506172839506,0
294,2205,630,0.37848484848484854,191,3.923402526615802,83.24607329842932,0
295,1747,505,0.37636363636363646,148,3.9921418041796297,81.75675675675676,0
296,2339,707,0.37424242424242427,192,3.8552919421344995,81.25,0
297,4190,1199,0.3721212121212123,295,4.029428073915384,89.83050847457628,1
298,5246,1445,0.3700000000000001,354,3.850639279279332,90.3954802259887,1
299,3238,810,0.3678787878787879,243,3.7807326130415677,86.41975308641975,0
300,1987,547,0.36575757575757584,158,3.5817388975167574,79.74683544303798,0
301,2902,699,0.36363636363636365,207,3.731164944920563,86.47342995169082,0
302,3852,1007,0.3615151515151517,274,3.7417742214063656,87.95620437956204,0
303,3079,825,0.3593939393939395,219,3.8654855157686696,88.12785388127854,0
304,2874,810,0.3572727272727274,229,3.5883737537017555,85.1528384279476,0
305,4468,1206,0.3551515151515152,317,3.851440993017203,92.11356466876973,1
306,3026,792,0.353030303030303,224,3.7900099493563175,84.375,0
307,2511,683,0.35090909090909106,193,3.5834596620322507,81.86528497409327,0
308,2853,741,0.34878787878787887,203,3.9667772395270213,87.192118226601,0
309,3500,970,0.3466666666666668,261,3.713328933350428,88.88888888888889,0
310,3052,804,0.3445454545454546,226,3.614943362442793,85.39823008849558,0
311,2708,727,0.3424242424242424,208,3.5596507667348933,84.13461538461539,0
312,2382,644,0.34030303030303044,178,3.60603145200215,79.21348314606742,0
313,3091,856,0.33818181818181825,218,3.6341217357084292,85.77981651376146,0
314,2971,815,0.33606060606060617,221,3.843582075106073,85.52036199095022,0
315,4387,1207,0.333939393939394,305,3.9323626311098945,91.47540983606557,0
316,3098,932,0.3318181818181819,240,3.63343616972367,86.66666666666667,0
317,2860,821,0.3296969696969698,220,3.8550501270727677,87.27272727272727,0
318,3749,1080,0.32757575757575763,275,3.781907420158386,88.72727272727273,0
319,2972,723,0.32545454545454555,215,3.6894486682359564,88.83720930232558,0
320,2635,729,0.32333333333333336,194,3.7768647885814155,85.05154639175258,0
321,3157,925,0.3212121212121213,242,4.104732825736369,85.12396694214877,0
322,4401,1139,0.3190909090909092,300,3.6771808592478434,91.0,1
323,2696,688,0.316969696969697,197,3.7437406899360233,79.69543147208121,0
324,3344,938,0.31484848484848493,250,3.8197685656547544,86.8,0
325,3357,944,0.31272727272727274,249,3.686666089846906,86.74698795180723,0
326,3831,1067,0.31060606060606066,267,3.6481264597467717,88.38951310861424,0
327,3599,983,0.3084848484848486,252,3.5894156401119535,88.88888888888889,0
328,2312,662,0.3063636363636364,183,3.7484547277617324,79.78142076502732,0
329,3443,944,0.3042424242424243,262,3.690446098797194,86.25954198473282,0
330,1580,551,0.3021212121212121,144,3.810537296036879,75.69444444444444,0
331,2122,577,0.3,166,3.5346277614673935,80.12048192771084,0
332,3168,840,0.2993939393939394,233,3.761605052988928,87.55364806866953,0
333,3473,1015,0.29878787878787877,254,3.7153845673470984,87.79527559055119,0
334,3679,1014,0.29818181818181816,272,3.6387022812576855,90.07352941176471,0
335,4635,1144,0.29757575757575755,304,3.6390710080924786,91.77631578947368,0
336,4045,1056,0.29696969696969694,283,3.9206658513301673,88.33922261484098,0
337,2346,604,0.29636363636363633,164,3.646199741741506,85.97560975609755,0
338,2523,713,0.2957575757575757,196,3.6048676511462854,83.6734693877551,0
339,3281,850,0.2951515151515151,234,3.731675046121972,89.74358974358975,0
340,3935,971,0.29454545454545455,271,3.6109955293226066,87.4538745387454,1
341,4525,1264,0.29393939393939394,319,3.7339281662130803,89.34169278996865,1
342,2741,777,0.29333333333333333,212,3.94267704351893,82.0754716981132,0
343,2551,758,0.2927272727272727,198,3.929163524598786,83.83838383838383,0
344,4376,1192,0.2921212121212121,304,3.7378579103632976,89.47368421052632,0
345,1575,451,0.2915151515151515,142,3.7289298445406094,73.23943661971832,0
346,3565,1004,0.2909090909090909,251,3.656394894854481,89.64143426294821,0
347,2955,779,0.29030303030303034,209,3.837297956909289,85.64593301435407,0
348,4473,1303,0.28969696969696973,312,3.686928400244468,91.66666666666666,1
349,4663,1232,0.2890909090909091,331,3.785995637001948,90.03021148036254,0
350,4383,1214,0.2884848484848485,314,3.526944438742984,88.53503184713377,1
351,4460,1246,0.2878787878787879,316,3.9767011747330048,90.82278481012658,0
352,3418,931,0.2872727272727273,249,3.3386354877288085,88.35341365461848,0
353,2524,696,0.2866666666666667,188,3.429964548729836,85.1063829787234,0
354,3897,1105,0.28606060606060607,281,3.8352909660848433,88.25622775800713,0
355,4107,1042,0.28545454545454546,286,3.4244489540586938,90.9090909090909,0
356,2747,769,0.28484848484848485,209,3.568507276653673,84.688995215311,0
357,2635,747,0.28424242424242424,207,3.345455598715999,82.6086956521739,0
358,4495,1206,0.28363636363636363,320,3.640221214666963,90.3125,0
359,2715,697,0.283030303030303,202,3.4716110554071937,84.15841584158416,0
360,2259,620,0.2824242424242424,177,3.9346817213263217,81.35593220338984,0
361,3629,934,0.2818181818181818,246,3.8472436201281663,89.43089430894308,0
362,3777,1025,0.28121212121212125,262,3.501841156082299,90.83969465648855,0
363,4147,1085,0.28060606060606064,292,3.683890841186863,89.38356164383562,1
364,4542,1165,0.28,306,3.754018938229754,89.54248366013073,1
365,3150,922,0.2793939393939394,233,3.658604410073276,85.83690987124464,0
366,2327,639,0.2787878787878788,186,3.328702267139189,82.79569892473118,0
367,2990,802,0.2781818181818182,226,3.7064497982506204,86.28318584070797,0
368,4404,1257,0.2775757575757576,300,3.5562555400530496,89.66666666666666,1
369,3386,931,0.276969696969697,240,3.773064349095027,88.75,0
370,3094,802,0.27636363636363637,219,3.459219364270772,86.3013698630137,0
371,3210,946,0.27575757575757576,239,3.702096321093986,88.28451882845188,0
372,3101,988,0.27515151515151515,251,3.7369537082801303,85.2589641434263,0
373,2289,688,0.27454545454545454,182,3.290433515559186,84.61538461538461,0
374,3685,1050,0.2739393939393939,273,3.7429540235917647,88.27838827838828,0
375,3818,1013,0.2733333333333333,270,3.695242075566892,88.51851851851852,0
376,2673,844,0.2727272727272727,198,3.7891693006862295,85.85858585858585,0
377,3150,911,0.2721212121212121,236,3.442288978120028,85.16949152542372,0
378,3301,979,0.2715151515151515,240,3.8363716577490172,87.5,0
379,2604,701,0.27090909090909093,184,3.713484127236449,86.41304347826086,0
380,3913,1098,0.2703030303030303,278,3.65476775641064,91.72661870503596,0
381,2152,622,0.2696969696969697,171,3.2554308573404946,81.87134502923976,0
382,2809,720,0.2690909090909091,206,3.5881645870440213,90.29126213592234,0
383,3385,947,0.2684848484848485,256,3.7210305011831224,85.546875,0
384,2273,639,0.2678787878787879,180,3.927397827307383,84.44444444444444,0
385,2854,769,0.2672727272727273,222,3.7464561561743417,83.78378378378379,0
386,2220,663,0.26666666666666666,173,3.998243408396065,79.1907514450867,0
387,3127,878,0.26606060606060605,218,3.9574405840777476,86.23853211009175,0
388,3493,1008,0.26545454545454544,256,3.8961817072704434,87.109375,0
389,2560,691,0.26484848484848483,187,3.880553300367957,83.9572192513369,0
390,4525,1369,0.2642424242424242,325,3.809735738314115,89.84615384615384,1
391,2926,875,0.2636363636363636,229,3.874548334742217,84.71615720524017,0
392,3006,817,0.263030303030303,237,3.7729714374501997,87.34177215189874,0
393,3455,996,0.2624242424242424,260,3.6445611852865953,88.46153846153845,0
394,4148,1096,0.26181818181818184,281,3.8217943283162508,90.74733096085409,1
395,3346,1043,0.26121212121212123,244,3.696083584281265,86.88524590163934,0
396,4351,1209,0.2606060606060606,314,3.536601256413065,91.0828025477707,0
397,3390,1014,0.26,262,3.575894446318386,85.49618320610686,0
398,3085,841,0.2593939393939394,231,3.5099563918588483,85.28138528138528,0
399,2533,716,0.2587878787878788,179,3.9654676514630878,85.47486033519553,0
400,2101,626,0.2581818181818182,176,4.296209261498668,77.27272727272727,0
401,3891,1150,0.25757575757575757,282,3.7396236425595926,89.71631205673759,0
402,2668,716,0.25696969696969696,193,3.9765911738489574,86.52849740932642,0
403,3124,822,0.25636363636363635,236,3.6154731289815096,86.86440677966102,0
404,2397,704,0.25575757575757574,196,3.7277996096075796,81.63265306122449,0
405,4251,1120,0.25515151515151513,299,4.068242864465235,90.96989966555184,1
406,3265,881,0.2545454545454545,251,3.6740003411038464,86.85258964143426,0
407,2653,696,0.2539393939393939,208,4.375027916752375,86.0576923076923,0
408,3691,1038,0.25333333333333335,280,3.7780088867459978,85.71428571428571,0
409,3548,886,0.25272727272727274,259,3.933247929834491,89.57528957528957,0
410,3667,987,0.25212121212121213,252,4.348717605310773,88.09523809523809,0
411,3728,958,0.2515151515151515,259,3.884440656334277,89.96138996138995,0
412,4229,1238,0.2509090909090909,299,3.8614062453592104,89.63210702341136,1
413,4500,1320,0.2503030303030303,322,3.66794128521629,88.50931677018633,1
414,1856,540,0.2496969696969697,177,4.085564616709779,79.09604519774011,0
415,2441,666,0.2490909090909091,189,4.4567990082281606,83.06878306878306,0
416,4627,1317,0.2484848484848485,301,3.9557305023915745,91.0299003322259,1
417,3312,922,0.2478787878787879,242,4.173626866715013,86.36363636363636,0
418,4977,1441,0.24727272727272728,343,3.952116171403112,90.37900874635568,1
419,5876,1661,0.24666666666666667,390,3.7874208312768203,93.58974358974359,1
420,4991,1415,0.2460606060606061,345,3.976338528895724,90.14492753623189,0
421,4025,1039,0.24545454545454545,264,4.040492795181997,89.01515151515152,0
422,2865,870,0.24484848484848487,215,3.970351308445598,84.18604651162791,0
423,2180,606,0.24424242424242426,174,3.943977136721556,78.73563218390804,0
424,3452,909,0.24363636363636365,248,3.9086944648335056,85.88709677419355,0
425,3372,926,0.24303030303030304,234,3.797881708185897,88.46153846153845,0
426,4313,1111,0.24242424242424243,293,3.832630146485547,90.78498293515358,0
427,2167,685,0.24181818181818182,184,4.034322436089101,82.6086956521739,0
428,2591,711,0.2412121212121212,203,3.921231884087248,84.72906403940887,0
429,3003,758,0.2406060606060606,218,4.267945863238168,85.77981651376146,0
430,3306,980,0.24,267,4.418255336722185,85.76779026217228,0
431,2446,695,0.23939393939393938,183,3.8195643457558637,80.32786885245902,0
432,2170,695,0.2387878787878788,183,4.076962553738245,81.9672131147541,0
433,3261,930,0.2381818181818182,235,3.833216420133063,87.65957446808511,0
434,4712,1194,0.23757575757575758,309,4.060176779537139,93.20388349514563,1
435,5679,1750,0.23696969696969697,390,4.130948203343611,92.56410256410257,1
436,2372,704,0.23636363636363636,186,3.81480291710105,81.72043010752688,0
437,2193,680,0.23575757575757578,163,3.9289062352268243,80.98159509202453,0
438,2025,577,0.23515151515151517,162,4.404974551112564,79.01234567901234,0
439,3391,938,0.23454545454545456,238,4.067523759954116,87.81512605042016,1
440,3917,1113,0.23393939393939395,278,3.8576520505568963,89.92805755395683,0
441,2767,784,0.23333333333333334,216,4.157261503515421,81.48148148148148,0
442,2853,870,0.23272727272727273,219,4.14253327563473,84.93150684931507,0
443,3290,906,0.23212121212121212,252,4.139443327037115,84.92063492063492,0
444,4382,1283,0.2315151515151515,308,3.9094852882546265,90.5844155844156,0
445,4120,1098,0.2309090909090909,296,3.8490741470375576,91.21621621621621,0
446,3528,959,0.2303030303030303,251,3.8943210707242746,89.64143426294821,0
447,1975,587,0.22969696969696968,172,3.7862271597219066,79.65116279069767,0
448,2335,664,0.22909090909090907,178,3.949797108601988,82.58426966292134,0
449,4281,1162,0.22848484848484849,317,3.906519212933369,88.32807570977917,1
450,3317,959,0.22787878787878785,243,4.415794746865951,88.88888888888889,0
451,3249,926,0.22727272727272727,242,4.113363043828444,85.12396694214877,0
452,6023,1616,0.22666666666666666,393,3.87786378690608,92.1119592875318,1
453,3484,1030,0.22606060606060605,252,3.854242818696158,87.6984126984127,0
454,3779,976,0.22545454545454546,263,4.084668385211959,88.212927756654,1
455,4228,1225,0.22484848484848485,288,4.130824289388126,89.23611111111111,0
456,4045,1088,0.22424242424242424,289,4.1240160733358255,89.27335640138409,1
457,2484,693,0.22363636363636363,198,3.9334817396269903,82.82828282828282,0
458,2290,703,0.22303030303030302,186,4.209524801982346,82.25806451612904,0
459,4242,1229,0.2224242424242424,310,4.01985841220425,88.70967741935483,0
460,3939,989,0.2218181818181818,277,3.734735090810039,90.25270758122743,0
461,2793,735,0.2212121212121212,201,3.8816884056252627,87.56218905472637,0
462,2214,708,0.22060606060606058,177,4.040897556617435,81.35593220338984,0
463,3990,998,0.21999999999999997,264,3.806249226584579,89.39393939393939,0
464,3004,829,0.21939393939393936,211,3.8207581478272568,86.7298578199052,0
465,2073,600,0.21878787878787875,177,3.8742551379284618,80.7909604519774,0
466,2056,527,0.21818181818181817,171,4.006678887975146,79.53216374269006,0
467,3114,869,0.21757575757575756,231,4.361180296191922,84.84848484848484,0
468,2689,720,0.21696969696969695,193,4.203486155969491,88.08290155440415,0
469,3965,972,0.21636363636363634,280,3.862643555658204,89.28571428571429,0
470,2222,683,0.21575757575757576,176,4.056325062432072,82.95454545454545,0
471,2397,710,0.21515151515151515,197,4.174528135866078,80.20304568527918,0
472,3777,1008,0.21454545454545457,281,3.87878965440594,88.25622775800713,0
473,3766,1007,0.21393939393939393,262,4.18449621801158,88.54961832061069,0
474,3660,970,0.21333333333333335,258,3.7581722020178803,87.59689922480621,0
475,2572,755,0.21272727272727274,204,4.346793172990575,83.33333333333334,0
476,1745,488,0.21212121212121213,155,3.6891572252396614,77.41935483870968,0
477,3111,909,0.21151515151515154,231,4.021884635413364,86.58008658008657,0
478,2002,589,0.21090909090909093,171,3.7713065928185894,80.11695906432749,0
479,3002,783,0.21030303030303032,209,4.274149124702198,85.64593301435407,0
480,3460,970,0.20969696969696972,258,4.206844527129979,89.14728682170544,0
481,3122,800,0.2090909090909091,236,3.66757576849501,86.86440677966102,0
482,2408,668,0.2084848484848485,195,3.784501835016104,85.12820512820512,0
483,5525,1550,0.20787878787878789,385,4.052091916195758,90.9090909090909,1
484,2572,669,0.20727272727272728,190,4.112373563490416,87.36842105263159,0
485,5474,1547,0.20666666666666667,370,3.976649823382094,93.78378378378378,1
486,3300,938,0.20606060606060606,224,4.061846870929003,84.82142857142857,0
487,2266,614,0.20545454545454545,180,4.3326097276475695,82.22222222222221,0
488,2837,744,0.20484848484848484,212,3.9305809668774874,85.37735849056604,0
489,2769,776,0.20424242424242425,204,3.7382701518488863,84.31372549019608,0
490,4630,1201,0.20363636363636364,319,4.089338931544074,91.53605015673982,0
491,3553,928,0.20303030303030306,252,3.9509566057296026,89.28571428571429,0
492,4986,1420,0.20242424242424242,338,4.178571279232319,92.01183431952663,1
493,2873,790,0.2018181818181818,211,3.6593377143850825,85.30805687203792,0
494,2830,767,0.20121212121212123,206,3.7782696045718147,85.43689320388349,0
495,2220,544,0.20060606060606062,183,3.809004234485939,81.9672131147541,0
496,2732,787,0.2,215,3.7262624890305274,83.72093023255815,0
497,3523,896,0.1993939393939394,245,4.009649814391623,88.9795918367347,0
498,2287,684,0.1987878787878788,186,3.759020136889591,80.64516129032258,0
499,3926,975,0.19818181818181818,268,3.5900797087754777,88.43283582089553,0
500,3649,1012,0.19757575757575757,256,3.9063820810988545,88.671875,0
501,2004,591,0.19696969696969696,164,3.9868095429932198,80.48780487804879,0
502,2478,670,0.19636363636363635,195,3.2978770482234467,81.53846153846153,0
503,5686,1543,0.19575757575757574,388,3.839755866945404,90.72164948453609,1
504,2363,681,0.19515151515151513,190,3.848323791278036,83.15789473684211,0
505,3088,922,0.19454545454545455,238,3.907109007114122,85.29411764705883,0
506,3256,837,0.19393939393939394,238,4.122390758089659,86.1344537815126,0
507,7959,2266,0.1933333333333333,533,3.9577958733682115,93.43339587242026,2
508,2352,614,0.19272727272727272,179,3.6765846480204405,82.68156424581005,0
509,4413,1303,0.1921212121212121,318,3.9191879202734747,91.50943396226415,0
510,2637,788,0.19151515151515153,200,3.7720840734243395,82.0,0
511,2035,613,0.19090909090909092,156,3.419165148949012,80.12820512820514,0
512,2470,648,0.1903030303030303,202,3.8761838916504736,82.17821782178217,0
513,2218,636,0.1896969696969697,180,4.338839837577608,80.0,0
514,3521,955,0.1890909090909091,248,4.191382174530337,90.32258064516128,1
515,2490,679,0.18848484848484848,181,3.875238547667614,83.42541436464089,0
516,3124,884,0.18787878787878787,242,3.8546970580235,87.19008264462809,0
517,1986,540,0.18727272727272726,163,4.011286605355198,80.3680981595092,0
518,3180,897,0.18666666666666665,242,4.146207403052937,85.53719008264463,0
519,3410,885,0.18606060606060604,242,4.015292754843215,89.25619834710744,0
520,2708,691,0.18545454545454543,193,3.7411328375030677,86.01036269430051,0
521,3423,1003,0.18484848484848482,250,3.5155787000656127,89.60000000000001,0
522,2915,882,0.1842424242424242,229,4.112956514004536,86.8995633187773,0
523,3006,864,0.18363636363636363,233,4.006478065073234,86.69527896995707,0
524,3552,1014,0.18303030303030302,248,4.064388482801376,91.12903225806451,0
525,3055,979,0.18242424242424243,247,3.9311195824310365,86.23481781376519,0
526,3089,843,0.1818181818181818,231,4.494572963033404,87.44588744588745,0
527,5289,1531,0.18121212121212119,357,3.918475836932826,91.31652661064426,1
528,2859,849,0.1806060606060606,206,3.798273035044809,85.92233009708737,0
529,2503,687,0.18,196,4.2494515265737265,85.20408163265306,0
530,2122,610,0.17939393939393938,177,4.013272604026364,79.66101694915254,0
531,3828,1022,0.17878787878787877,265,3.9056116760901687,89.81132075471699,0
532,2769,779,0.17818181818181816,206,4.269401329234966,83.49514563106796,0
533,3277,985,0.17757575757575755,238,4.017217812417936,87.81512605042016,0
534,4922,1321,0.17696969696969694,335,4.171832297809089,91.34328358208955,1
535,4514,1193,0.17636363636363633,313,3.9294880003974844,90.09584664536742,1
536,3866,998,0.17575757575757572,255,4.116633334814334,88.62745098039215,0
537,3038,934,0.1751515151515151,228,3.9849353777734855,87.28070175438597,0
538,3529,931,0.17454545454545453,257,4.354554383207388,87.54863813229572,0
539,2507,579,0.17393939393939392,182,3.813100826609266,82.41758241758241,0
540,2785,806,0.1733333333333333,218,4.010650331274085,87.1559633027523,0
541,4812,1347,0.1727272727272727,330,4.0969758550326025,92.42424242424242,0
542,8901,2454,0.1721212121212121,581,4.0499084092253455,95.00860585197934,2
543,2380,669,0.17151515151515148,186,4.134837371687735,83.33333333333334,0
544,4590,1288,0.1709090909090909,306,3.850534028087566,91.17647058823529,1
545,5831,1495,0.1703030303030303,371,3.809476335414979,92.18328840970351,1
546,2820,737,0.16969696969696965,217,4.147704557889068,84.7926267281106,0
547,3479,1001,0.16909090909090907,260,4.321536301191037,85.76923076923076,0
548,2223,676,0.16848484848484846,179,4.216866659052545,82.12290502793296,0
549,3953,1156,0.16787878787878785,284,3.9610568536839015,90.14084507042254,0
550,3908,1037,0.16727272727272724,258,4.12828734216764,93.4108527131783,1
551,4947,1397,0.16666666666666663,335,3.8899156250170805,90.44776119402985,1
552,3337,929,0.16606060606060602,238,3.853118418645458,84.45378151260505,0
553,4795,1242,0.1654545454545454,323,4.197589562773335,90.71207430340557,0
554,3526,1136,0.16484848484848483,267,3.8648426805096174,86.51685393258427,0
555,3201,898,0.16424242424242422,230,4.291199012424634,85.65217391304348,0
556,2879,729,0.1636363636363636,215,3.8044109272402387,85.5813953488372,0
557,3205,950,0.163030303030303,241,3.891981368737597,84.64730290456431,0
558,2269,641,0.1624242424242424,161,4.10691908131475,85.09316770186336,0
559,3443,998,0.16181818181818178,250,4.039444111347199,89.60000000000001,0
560,2971,807,0.1612121212121212,210,4.0322027081534975,85.71428571428571,0
561,3158,861,0.16060606060606056,234,3.9303227291147933,85.8974358974359,0
562,2319,680,0.15999999999999995,186,4.071774687818301,84.40860215053763,0
563,5041,1321,0.15939393939393937,344,4.011697635401127,91.86046511627907,1
564,3349,906,0.1587878787878788,230,3.9306628781816233,90.43478260869566,0
565,4722,1226,0.15818181818181823,321,3.7044701297706535,90.34267912772586,1
566,2857,746,0.15757575757575762,206,4.126850018802198,86.89320388349515,0
567,3169,836,0.15696969696969698,243,3.985102491123686,86.0082304526749,0
568,1940,574,0.1563636363636364,150,3.924850641886393,83.33333333333334,0
569,2979,863,0.1557575757575758,211,3.780999707384697,87.67772511848341,0
570,6545,1811,0.15515151515151518,427,4.068924904707165,94.14519906323186,1
571,6061,1620,0.15454545454545457,406,3.8700534930370125,92.11822660098522,1
572,2812,815,0.15393939393939396,214,3.9153854523863747,87.38317757009347,0
573,3569,879,0.15333333333333335,259,3.9190561221373126,85.71428571428571,1
574,3028,930,0.15272727272727274,236,4.501653654595553,83.89830508474576,0
575,2821,764,0.15212121212121216,201,3.972772533027687,86.56716417910447,0
576,1846,562,0.15151515151515155,149,4.533141266579596,79.86577181208054,0
577,2594,778,0.15090909090909094,209,4.244648675599167,84.688995215311,0
578,3020,895,0.15030303030303033,227,3.874963935251278,83.70044052863436,0
579,3433,980,0.14969696969696972,255,3.902635363971486,89.01960784313725,0
580,2726,781,0.1490909090909091,212,3.860649923670967,83.9622641509434,0
581,4479,1144,0.14848484848484853,306,4.4566466843380645,89.86928104575163,1
582,2546,646,0.1478787878787879,193,3.797899464251464,84.4559585492228,0
583,4456,1271,0.14727272727272728,322,3.9612097229276384,90.06211180124224,0
584,3234,947,0.1466666666666667,247,4.377978719680415,87.4493927125506,0
585,3389,852,0.14606060606060609,236,4.04450829756462,87.71186440677965,0
586,4923,1386,0.14545454545454548,328,4.163595750201039,91.76829268292683,1
587,1806,529,0.14484848484848487,163,3.991164083129789,79.75460122699386,0
588,3093,868,0.14424242424242426,218,3.965335107724601,87.1559633027523,0
589,3234,816,0.14363636363636365,223,3.9913319552425848,87.89237668161435,0
590,2297,644,0.14303030303030306,190,4.241948715009188,82.10526315789474,0
591,3226,906,0.14242424242424245,251,3.8642811447500707,89.2430278884462,0
592,4081,1128,0.14181818181818182,272,4.227559374535785,87.86764705882352,1
593,2814,822,0.14121212121212123,208,3.922044577506872,83.65384615384616,0
594,4100,1201,0.14060606060606062,289,3.820593120730047,89.27335640138409,1
595,2642,772,0.14,196,3.9024655320206465,83.16326530612244,0
596,2646,701,0.1393939393939394,192,4.106844435135524,89.0625,0
597,2836,885,0.1387878787878788,214,3.883609723264926,84.57943925233646,0
598,3229,850,0.13818181818181818,231,3.9110784711259785,87.87878787878788,0
599,3973,1112,0.1375757575757576,287,4.0212638349067875,89.19860627177701,0
600,2030,649,0.136969696969697,168,3.5422521297420775,82.14285714285714,0
601,3651,1052,0.13636363636363638,273,3.9627258279821373,86.44688644688645,0
602,3145,879,0.13575757575757577,226,3.9275889644580606,86.72566371681415,0
603,2788,745,0.13515151515151516,186,3.8219900156861994,87.63440860215054,0
604,3287,940,0.13454545454545455,253,4.014454700258881,86.56126482213439,0
605,2754,747,0.13393939393939394,212,4.1233654348355415,84.90566037735849,0
606,1927,585,0.13333333333333336,162,3.798634661568536,81.48148148148148,0
607,3348,811,0.13272727272727272,228,4.257269574361935,88.1578947368421,0
608,4255,1159,0.1321212121212121,294,4.051265461915205,89.79591836734694,1
609,2473,685,0.13151515151515153,189,4.050892715100889,83.5978835978836,0
610,3830,1085,0.13090909090909092,272,3.9144880898735104,87.5,0
611,4448,1227,0.1303030303030303,305,4.25846094772464,91.80327868852459,1
612,3107,917,0.1296969696969697,225,4.239826407962375,86.66666666666667,0
613,2936,880,0.1290909090909091,221,4.031138936858372,89.14027149321268,0
614,3754,1051,0.12848484848484848,267,4.318206604053912,88.76404494382022,1
615,3196,842,0.1278787878787879,235,3.964076483503301,87.2340425531915,0
616,4502,1332,0.1272727272727273,324,4.235219535636313,91.0493827160494,0
617,2570,770,0.12666666666666665,197,4.018913643614289,85.27918781725889,0
618,2284,624,0.12606060606060607,168,4.2369643393017,82.14285714285714,0
619,3789,1052,0.12545454545454546,254,3.969362334003599,91.73228346456693,1
620,1870,554,0.12484848484848485,157,4.198118339678285,80.2547770700637,0
621,3282,910,0.12424242424242427,232,4.314753619761302,87.5,0
622,4069,1187,0.12363636363636363,288,4.0479824766516685,90.27777777777779,0
623,4346,1245,0.12303030303030302,290,4.096989492301283,90.6896551724138,1
624,2428,773,0.12242424242424244,201,3.9125806508372674,82.08955223880598,0
625,1967,574,0.12181818181818183,163,4.326778821418622,76.68711656441718,0
626,4642,1336,0.12121212121212122,328,4.225016346973617,91.15853658536585,1
627,2093,582,0.1206060606060606,175,4.220251380375453,78.28571428571428,0
628,5265,1358,0.12,349,4.1103397549735785,91.97707736389685,1
629,5054,1354,0.11939393939393939,335,4.0670612911679855,92.23880597014926,1
630,2744,697,0.11878787878787878,195,4.132190468372443,87.17948717948718,0
631,2156,622,0.1181818181818182,173,3.716306259866395,82.65895953757226,0
632,5060,1601,0.11757575757575756,338,4.122750319320069,93.78698224852072,1
633,3639,1065,0.11696969696969697,261,3.995826337072584,88.88888888888889,0
634,6157,1643,0.11636363636363636,401,4.5487378725684495,93.51620947630923,1
635,2213,583,0.11575757575757575,171,4.173314093149196,84.21052631578947,0
636,3404,914,0.11515151515151514,235,4.514522973020026,88.93617021276596,0
637,3993,1050,0.11454545454545453,272,4.272669394664905,88.60294117647058,0
638,3212,868,0.11393939393939392,226,4.550280394807326,87.61061946902655,0
639,1926,520,0.11333333333333331,153,4.72598195387647,80.3921568627451,0
640,3842,1005,0.11272727272727273,277,4.735061926101519,88.08664259927798,0
641,5474,1531,0.11212121212121212,356,4.22385483143035,93.82022471910112,1
642,3687,996,0.11151515151515148,248,4.688532283229213,88.30645161290323,1
643,1712,498,0.1109090909090909,148,4.445501382286484,76.35135135135135,0
644,9325,2645,0.11030303030303029,599,4.181676948010822,94.82470784641069,2
645,2364,613,0.10969696969696968,172,4.553236230861309,83.13953488372093,0
646,4997,1347,0.1090909090909091,341,3.7443140661261998,91.20234604105572,1
647,3177,869,0.10848484848484846,224,4.390883856586048,86.60714285714286,0
648,2530,794,0.10787878787878788,198,4.313386852091009,87.37373737373737,0
649,3255,1003,0.10727272727272727,238,3.9733021149114403,89.49579831932773,0
650,2519,702,0.10666666666666663,196,3.9851562034110635,87.24489795918367,0
651,2897,830,0.10606060606060605,213,4.074403038606957,85.91549295774648,0
652,4536,1340,0.10545454545454544,313,4.334807567322216,92.01277955271566,1
653,5843,1662,0.10484848484848486,399,4.197760354904902,93.98496240601504,1
654,5984,1693,0.10424242424242422,387,4.057465370003259,93.7984496124031,1
655,2578,696,0.10363636363636361,191,4.060989167053662,83.7696335078534,0
656,4108,1034,0.10303030303030303,269,4.120524137879836,88.47583643122677,1
657,1698,539,0.10242424242424239,158,4.561890792243088,73.41772151898735,0
658,4374,1300,0.10181818181818181,302,3.9728464326321684,90.72847682119205,0
659,4605,1166,0.1012121212121212,294,3.883385434442637,91.15646258503402,1
660,3303,1012,0.10060606060606056,235,3.6912777489804207,89.7872340425532,0
661,2884,828,0.1,218,4.131160044888838,83.4862385321101,0
662,2408,674,0.09985294117647059,180,4.029935341411167,82.77777777777777,0
663,2796,831,0.09970588235294119,228,4.070070768134636,84.21052631578947,0
664,2765,861,0.09955882352941177,202,4.2770955645211854,83.66336633663366,0
665,4553,1192,0.09941176470588235,317,4.367168226452656,92.11356466876973,1
666,4468,1236,0.09926470588235295,312,4.509969351383356,90.38461538461539,0
667,4369,1096,0.09911764705882353,307,4.396886363868217,89.57654723127035,0
668,5213,1433,0.09897058823529412,358,4.401953529046234,91.34078212290503,1
669,2529,691,0.09882352941176471,193,3.640181679799767,84.4559585492228,0
670,1886,480,0.0986764705882353,153,4.773329205762327,79.73856209150327,0
671,2647,737,0.0985294117647059,194,4.412732414978066,88.65979381443299,0
672,4206,1161,0.09838235294117648,308,4.701984866485967,88.63636363636364,0
673,3384,935,0.09823529411764706,221,4.449447297402637,87.78280542986425,0
674,4193,1142,0.09808823529411766,293,4.036120235513095,90.44368600682594,0
675,3711,1023,0.09794117647058824,272,4.4519919542705315,87.13235294117648,0
676,2913,855,0.09779411764705882,221,4.1290495390266315,88.23529411764706,0
677,3291,955,0.09764705882352942,234,4.60072539250056,89.74358974358975,0
678,2269,616,0.0975,169,4.3300953186475315,81.65680473372781,0
679,2490,621,0.09735294117647059,176,4.925426140427589,86.93181818181817,0
680,5354,1489,0.09720588235294118,370,4.427999267062625,91.35135135135135,1
681,2917,861,0.09705882352941177,224,4.1794594292129785,87.5,0
682,3270,859,0.09691176470588235,230,4.337059934242912,86.52173913043478,0
683,3563,1012,0.09676470588235295,254,4.4790633757283365,87.79527559055119,0
684,4441,1206,0.09661764705882353,305,4.408996459304309,91.14754098360656,0
685,2988,850,0.09647058823529411,230,4.435072337544483,84.34782608695653,0
686,5353,1452,0.09632352941176471,362,4.2382137897264895,92.26519337016575,1
687,4529,1246,0.0961764705882353,303,4.361715116516591,89.76897689768977,1
688,3262,867,0.09602941176470589,236,4.5080625818947615,87.28813559322035,0
689,2313,644,0.09588235294117649,180,5.543417662382126,78.33333333333333,0
690,3326,970,0.09573529411764707,236,4.361220681566303,90.67796610169492,0
691,3551,1016,0.09558823529411767,262,4.354299830571386,88.54961832061069,0
692,3356,905,0.09544117647058825,247,4.450175055125464,85.82995951417004,0
693,3305,950,0.09529411764705883,232,4.146794608440892,86.20689655172413,0
694,3462,923,0.09514705882352943,247,4.47766909377295,88.66396761133603,0
695,3488,1024,0.09500000000000001,251,4.288619213370213,89.64143426294821,0
696,3087,821,0.09485294117647061,228,4.569623328091805,86.8421052631579,0
697,2453,733,0.0947058823529412,212,4.2340293374826325,79.24528301886792,0
698,3177,862,0.09455882352941178,224,4.100746564034905,86.60714285714286,0
699,3997,1095,0.09441176470588238,293,4.1356186577891325,89.76109215017065,0
700,3405,882,0.09426470588235296,242,4.272840791497349,88.42975206611571,0
701,2450,638,0.09411764705882354,175,4.284990079743522,83.42857142857143,0
702,4165,1160,0.09397058823529414,282,4.848411949813789,89.00709219858156,0
703,3577,890,0.09382352941176472,247,4.206906921467801,89.06882591093117,0
704,3440,999,0.0936764705882353,245,4.237937416835707,87.34693877551021,0
705,5498,1508,0.0935294117647059,371,4.1612025152319525,91.91374663072777,1
706,4512,1247,0.09338235294117649,326,4.074096137029262,90.79754601226993,0
707,4828,1319,0.09323529411764707,348,4.266434603723987,89.9425287356322,0
708,2787,823,0.09308823529411767,216,4.226876206971981,83.33333333333334,0
709,3457,1036,0.09294117647058825,254,4.028792626745119,89.37007874015748,0
710,4465,1314,0.09279411764705883,315,4.317285005251566,92.06349206349206,1
711,3792,1059,0.09264705882352943,266,4.438964541245224,90.97744360902256,0
712,4417,1298,0.09250000000000001,316,4.389679180670388,89.24050632911393,1
713,4847,1410,0.09235294117647061,334,4.379612345538454,91.61676646706587,1
714,2014,603,0.09220588235294119,171,4.235498564285145,81.87134502923976,0
715,3664,1098,0.09205882352941178,269,4.340559945673747,87.36059479553904,0
716,5353,1449,0.09191176470588236,359,4.344540520962899,92.20055710306406,1
717,4021,1113,0.09176470588235296,280,4.229698241608483,88.92857142857142,1
718,3069,842,0.09161764705882354,228,4.078888792740671,85.08771929824562,0
719,3394,993,0.09147058823529414,253,4.080289561757929,85.7707509881423,0
720,2259,632,0.09132352941176472,185,4.123349190402675,82.70270270270271,0
721,5424,1489,0.0911764705882353,364,4.3304357174988635,92.3076923076923,1
722,2012,646,0.0910294117647059,170,3.823509465946871,80.0,0
723,5138,1349,0.09088235294117648,354,4.419406055057117,91.52542372881356,1
724,3262,1003,0.09073529411764707,260,4.070755274479206,86.15384615384616,0
725,2978,900,0.09058823529411766,236,4.527324384551937,86.01694915254238,0
726,4537,1359,0.09044117647058825,335,4.365799137727538,90.44776119402985,1
727,4222,1132,0.09029411764705883,286,4.192705201935935,91.95804195804196,1
728,2674,796,0.09014705882352943,194,4.378890306064763,84.02061855670104,0
729,3084,831,0.09000000000000001,228,4.219909847305532,83.77192982456141,0
730,3991,1005,0.08985294117647061,276,4.058408358822698,89.13043478260869,1
731,3201,819,0.08970588235294119,235,4.552375487063793,86.80851063829788,0
732,4330,1171,0.08955882352941177,293,4.544855360691865,91.12627986348123,1
733,4386,1229,0.08941176470588237,322,4.47502944447239,90.37267080745342,0
734,3350,938,0.08926470588235295,252,4.55055040736047,90.47619047619048,0
735,3587,1103,0.08911764705882354,275,5.008739706386219,87.27272727272727,0
736,2405,729,0.08897058823529413,193,4.562435287268051,82.38341968911918,0
737,3015,808,0.08882352941176472,209,4.017752909204036,87.5598086124402,0
738,5065,1440,0.0886764705882353,326,4.360104853024512,91.1042944785276,1
739,3777,1007,0.0885294117647059,266,4.3353003778852015,89.09774436090225,0
740,2910,769,0.08838235294117648,227,4.436497640504711,84.58149779735683,0
741,4779,1317,0.08823529411764706,338,4.56108590766523,90.8284023668639,0
742,2563,649,0.08808823529411766,193,4.038660397801374,81.34715025906736,0
743,3134,925,0.08794117647058824,241,4.065737306824364,87.13692946058092,0
744,4535,1238,0.08779411764705883,308,4.41446719038022,91.55844155844156,0
745,3004,814,0.08764705882352943,216,4.403930981402044,84.25925925925925,0
746,2845,837,0.08750000000000001,203,5.316021164649813,84.23645320197043,0
747,3225,995,0.0873529411764706,243,3.7891458307274086,85.18518518518519,0
748,4604,1287,0.08720588235294119,319,4.242181297379975,89.96865203761756,0
749,4866,1406,0.08705882352941177,332,4.015794079705893,90.96385542168674,1
750,3684,1057,0.08691176470588237,260,4.21793386890338,89.61538461538461,0
751,2559,652,0.08676470588235295,192,4.5853673952321214,81.77083333333334,0
752,3805,921,0.08661764705882354,256,4.345734545495361,88.28125,1
753,2566,827,0.08647058823529413,201,4.23544665059047,86.56716417910447,0
754,4067,1072,0.08632352941176472,283,4.607707115028435,90.81272084805654,0
755,2944,790,0.0861764705882353,201,4.353127360937014,88.55721393034825,0
756,3211,920,0.0860294117647059,241,4.440290077098672,85.47717842323651,0
757,4250,1158,0.08588235294117648,286,4.053160358142186,92.65734265734265,1
758,2111,631,0.08573529411764706,167,4.375628075913755,82.63473053892216,0
759,4917,1380,0.08558823529411766,343,4.030992378646361,90.96209912536443,1
760,3925,1127,0.08544117647058824,281,4.191287282522887,89.32384341637011,0
761,1968,598,0.08529411764705883,167,4.147159810551626,79.04191616766467,0
762,3325,948,0.08514705882352942,245,3.8750989680387535,88.16326530612245,0
763,3677,1070,0.085,264,4.395821635470246,89.39393939393939,0
764,2389,664,0.0848529411764706,182,4.4079628102071995,82.96703296703298,0
765,4414,1194,0.08470588235294119,297,4.096185829502966,89.8989898989899,1
766,3108,845,0.08455882352941177,230,4.115550454803135,88.69565217391305,0
767,3257,888,0.08441176470588237,245,4.850752248082842,85.3061224489796,0
768,3233,838,0.08426470588235295,235,4.105428423272802,88.08510638297872,0
769,3126,882,0.08411764705882353,219,4.449287779255,89.04109589041096,0
770,2022,636,0.08397058823529413,172,4.392141906327979,79.06976744186046,0
771,5287,1480,0.08382352941176471,363,4.060677113940236,91.46005509641874,1
772,2587,695,0.0836764705882353,195,4.163403994609148,85.64102564102564,0
773,2530,736,0.0835294117647059,192,4.376997775708635,85.9375,0
774,1954,557,0.08338235294117648,166,3.8777988222708184,77.10843373493977,0
775,9699,2536,0.08323529411764706,607,4.254099093905391,94.2339373970346,3
776,3406,943,0.08308823529411766,241,4.78793449273248,87.55186721991701,0
777,2405,719,0.08294117647058824,188,4.660747109575475,84.57446808510637,0
778,2478,648,0.08279411764705882,184,3.9361737195564355,86.95652173913044,0
779,3456,894,0.08264705882352942,239,4.435487722751985,90.7949790794979,0
780,1961,582,0.0825,158,4.594572883618029,81.64556962025317,0
781,3434,992,0.0823529411764706,259,4.498855495084666,87.64478764478764,0
782,3615,1053,0.08220588235294118,256,4.561641823500395,89.0625,0
783,5340,1451,0.08205882352941177,351,4.675980674575197,90.31339031339031,1
784,2493,719,0.08191176470588236,201,4.4735487497861115,83.5820895522388,0
785,3250,901,0.08176470588235295,229,4.409575091699326,87.77292576419214,0
786,3938,1051,0.08161764705882353,271,4.372887670773862,90.03690036900369,1
787,2867,807,0.08147058823529413,215,4.7733049697654195,87.90697674418605,0
788,4929,1318,0.08132352941176471,326,4.239844625712903,92.63803680981594,1
789,3361,960,0.0811764705882353,251,4.337201360212379,86.45418326693228,0
790,3258,831,0.08102941176470589,217,5.417670309818285,88.47926267281106,1
791,5552,1587,0.08088235294117647,374,4.497404455501128,93.04812834224599,1
792,2214,704,0.08073529411764707,178,4.409208606468158,83.14606741573034,0
793,5213,1534,0.08058823529411765,358,4.478168994354802,92.17877094972067,1
794,2886,855,0.08044117647058824,226,4.639186448228043,85.84070796460178,0
795,2785,842,0.08029411764705882,216,5.0382701842873185,86.11111111111111,0
796,2559,764,0.08014705882352942,205,4.658721602835306,81.95121951219512,0
797,4323,1122,0.08,286,4.0356075167655945,90.9090909090909,1
798,3411,908,0.0798529411764706,239,4.2589427088095055,87.86610878661088,0
799,3636,1086,0.07970588235294118,256,4.54638314479962,88.671875,0
800,3273,896,0.07955882352941177,236,4.358077032081152,86.01694915254238,0
801,3537,1063,0.07941176470588235,254,4.08962374127756,87.00787401574803,0
802,4473,1263,0.07926470588235295,303,4.43242346689646,91.74917491749174,1
803,4351,1205,0.07911764705882353,293,4.011627034929425,89.76109215017065,1
804,4077,1081,0.07897058823529413,290,4.446607513674374,89.65517241379311,0
805,3300,961,0.07882352941176471,266,3.6598988457729944,85.33834586466166,0
806,5564,1563,0.07867647058823529,372,4.366704786016095,92.20430107526882,1
807,3541,925,0.07852941176470589,253,4.601263651734755,88.14229249011858,0
808,3133,872,0.07838235294117647,233,4.334242897995551,85.83690987124464,0
809,3906,1084,0.07823529411764707,276,4.558558469233305,88.40579710144928,0
810,4402,1185,0.07808823529411765,295,4.21590431140641,90.5084745762712,0
811,2939,922,0.07794117647058824,234,4.6481102806890116,86.32478632478633,0
812,1980,575,0.07779411764705882,158,3.9229117481014395,79.74683544303798,0
813,2958,824,0.07764705882352942,224,4.528227554368121,86.16071428571429,0
814,3163,858,0.07750000000000001,227,3.8154538665048876,87.66519823788546,0
815,3142,880,0.07735294117647061,231,4.437541795499397,86.58008658008657,0
816,3427,915,0.0772058823529412,253,5.1754866042156,88.93280632411067,0
817,3791,1065,0.07705882352941179,270,4.958098976700394,89.25925925925927,0
818,5645,1690,0.07691176470588237,381,4.456688568035136,92.38845144356955,1
819,3211,945,0.07676470588235296,236,4.687543873564672,87.71186440677965,0
820,3653,1032,0.07661764705882354,260,4.831537178388008,91.92307692307692,0
821,6172,1916,0.07647058823529414,431,4.581498867397795,93.7354988399072,1
822,2461,682,0.07632352941176472,177,4.4143651400582264,88.13559322033898,0
823,3912,1072,0.07617647058823532,279,4.415242698030233,89.96415770609319,0
824,5694,1637,0.0760294117647059,377,4.530935940755141,92.04244031830238,1
825,5903,1714,0.07588235294117648,406,4.219569652538581,92.85714285714286,1
826,3462,953,0.07573529411764707,251,4.022551946431042,87.25099601593625,0
827,5586,1636,0.07558823529411766,368,4.237392827220585,92.11956521739131,1
828,4144,1165,0.07544117647058826,296,4.67951510363334,90.54054054054053,0
829,2781,741,0.07529411764705884,206,3.871000505766822,85.92233009708737,0
830,3000,865,0.07514705882352943,221,4.549236049479489,87.78280542986425,0
831,3907,1080,0.07500000000000001,256,4.420536692719907,91.796875,1
832,2447,739,0.07485294117647061,192,4.039333603655298,82.8125,0
833,2408,708,0.07470588235294119,183,4.288336893899845,84.15300546448088,0
834,5321,1479,0.07455882352941179,363,4.436021149322678,93.38842975206612,1
835,2570,730,0.07441176470588237,207,4.410549931480113,84.05797101449275,0
836,2377,706,0.07426470588235295,186,4.266261553892526,82.25806451612904,0
837,3894,1071,0.07411764705882354,270,4.605577245465032,91.48148148148148,1
838,3831,1038,0.07397058823529414,268,4.3514400551568215,90.67164179104478,0
839,2473,678,0.07382352941176473,193,4.515225422197055,83.41968911917098,0
840,4290,1185,0.07367647058823532,288,4.743770179649194,91.31944444444444,1
841,2989,808,0.0735294117647059,208,4.514212143535797,88.46153846153845,0
842,3041,849,0.07338235294117648,245,4.302919980457851,83.6734693877551,0
843,4639,1347,0.07323529411764708,322,4.177043527549839,91.92546583850931,1
844,4981,1442,0.07308823529411766,329,3.8887184046684427,91.1854103343465,1
845,2101,630,0.07294117647058825,181,4.46790220592562,81.21546961325967,0
846,4560,1193,0.07279411764705884,310,4.113870142736743,90.64516129032259,1
847,2383,693,0.07264705882352943,198,4.589591227998637,82.82828282828282,0
848,5501,1425,0.07250000000000001,362,4.328531449012335,91.9889502762431,1
849,2100,598,0.07235294117647059,177,4.141453773961902,78.53107344632768,0
850,5488,1510,0.07220588235294119,372,4.217077206860306,92.47311827956989,1
851,3423,1009,0.07205882352941179,252,4.103003450329342,88.88888888888889,0
852,4045,1107,0.07191176470588237,275,4.176660196130926,88.72727272727273,0
853,5640,1475,0.07176470588235295,383,4.392771824844201,92.42819843342036,1
854,1959,567,0.07161764705882354,158,4.356653765787052,81.0126582278481,0
855,4017,1088,0.07147058823529413,278,4.088594468377477,90.64748201438849,0
856,3583,1056,0.07132352941176472,271,4.19661795037259,86.71586715867159,0
857,3323,858,0.07117647058823531,241,4.311537748550478,86.72199170124482,0
858,4670,1238,0.0710294117647059,295,4.18086126133547,92.88135593220339,1
859,2773,766,0.07088235294117648,202,4.151161974609488,87.12871287128714,0
860,3446,964,0.07073529411764706,246,4.076356301947338,87.8048780487805,0
861,5241,1560,0.07058823529411766,369,4.057971437125994,92.14092140921409,1
862,4773,1226,0.07044117647058824,322,4.509115724089723,91.61490683229813,1
863,5336,1367,0.07029411764705884,339,4.372337349748189,91.44542772861357,1
864,2897,774,0.07014705882352942,226,4.5448632910188325,83.1858407079646,0
865,3814,1091,0.07,276,5.057909386745398,88.40579710144928,0
866,2049,584,0.0698529411764706,164,4.653444730653995,79.26829268292683,0
867,3480,1013,0.06970588235294119,257,4.3149201591654975,86.7704280155642,0
868,3345,898,0.06955882352941178,229,4.852101937652154,86.8995633187773,0
869,4641,1231,0.06941176470588237,306,4.6283949216206866,89.2156862745098,1
870,3307,918,0.06926470588235295,230,4.0786425222521245,88.69565217391305,0
871,2680,674,0.06911764705882353,194,4.305303176039273,81.95876288659794,0
872,4739,1282,0.06897058823529413,322,4.351580014139969,89.13043478260869,0
873,3499,895,0.06882352941176471,251,4.227681058336539,89.2430278884462,0
874,3005,798,0.06867647058823531,216,4.477190201481183,86.11111111111111,0
875,5180,1514,0.0685294117647059,359,4.634358592020104,91.64345403899722,1
876,4349,1093,0.06838235294117648,302,4.674652841706939,88.41059602649007,1
877,4848,1344,0.06823529411764706,337,4.267190245917006,90.50445103857567,1
878,2573,714,0.06808823529411766,190,4.167119770928433,86.31578947368422,0
879,4956,1390,0.06794117647058824,341,4.300324819304726,91.20234604105572,1
880,8846,2371,0.06779411764705884,561,4.4304516972067525,93.76114081996435,2
881,5911,1555,0.06764705882352942,397,4.135385326234159,92.69521410579345,1
882,2760,763,0.0675,203,4.407934716769627,87.192118226601,0
883,2802,789,0.0673529411764706,212,4.426655095140889,86.32075471698113,0
884,5073,1411,0.06720588235294118,350,4.54942088672093,92.28571428571428,1
885,3461,982,0.06705882352941178,257,4.200648477105315,86.7704280155642,0
886,6202,1791,0.06691176470588237,421,4.305006827141497,94.29928741092637,1
887,2277,677,0.06676470588235295,176,4.4767493585293945,85.22727272727273,0
888,2266,690,0.06661764705882353,182,4.924715607375889,80.76923076923077,0
889,2939,880,0.06647058823529411,221,4.018480735127203,85.97285067873304,0
890,3446,922,0.06632352941176471,241,4.474663448531598,88.38174273858921,0
891,4490,1167,0.06617647058823531,308,4.834067179398104,91.55844155844156,0
892,2182,588,0.06602941176470589,168,4.3257882949851805,82.73809523809523,0
893,3176,913,0.06588235294117648,237,5.007572100635319,85.23206751054853,0
894,3834,1058,0.06573529411764706,271,4.252357962386634,88.56088560885608,0
895,5486,1620,0.06558823529411766,388,4.518316960211882,91.49484536082474,1
896,3500,1000,0.06544117647058825,254,4.658763893007293,86.22047244094489,0
897,4534,1295,0.06529411764705884,311,4.534252497927552,90.9967845659164,1
898,5388,1512,0.06514705882352942,367,4.517456243083652,91.28065395095368,1
899,4156,1097,0.065,287,4.568337326265794,91.98606271777004,0
900,2696,746,0.06485294117647059,199,4.714714098815343,86.93467336683418,0
901,4882,1460,0.06470588235294118,334,4.683497469939158,92.51497005988024,1
902,3004,825,0.06455882352941178,215,4.597233778931374,87.44186046511628,0
903,5458,1564,0.06441176470588236,371,4.575326167669579,92.99191374663073,1
904,2026,522,0.06426470588235295,169,3.8291214217801066,82.24852071005917,0
905,1587,504,0.06411764705882353,142,4.540920074556915,78.16901408450704,0
906,4508,1239,0.06397058823529413,300,4.512108235756556,89.0,1
907,5440,1425,0.06382352941176472,361,4.240114957011637,92.24376731301939,1
908,2536,726,0.0636764705882353,190,4.238127657614256,86.8421052631579,0
909,2517,730,0.06352941176470589,190,4.282037391160664,83.15789473684211,0
910,2445,700,0.06338235294117647,192,4.630783546715975,84.375,0
911,3602,974,0.06323529411764706,250,4.14840908908844,89.60000000000001,1
912,3943,1161,0.06308823529411765,281,4.174250840292283,87.90035587188612,0
913,1826,483,0.06294117647058825,144,4.822703373101023,78.47222222222221,0
914,3058,881,0.06279411764705883,239,4.50861176436915,87.86610878661088,0
915,2397,693,0.06264705882352942,184,4.473072881931844,83.15217391304348,0
916,2398,657,0.0625,182,4.353930856500353,79.67032967032966,0
917,3304,933,0.0623529411764706,247,4.228857033648471,88.66396761133603,0
918,3956,1091,0.06220588235294119,289,3.9883745380751403,88.23529411764706,0
919,3296,874,0.06205882352941177,239,4.30693343094702,87.86610878661088,0
920,3072,831,0.061911764705882354,228,4.006192084467202,87.71929824561403,0
921,4177,1121,0.061764705882352944,283,4.279787673967045,89.75265017667844,1
922,1980,555,0.061617647058823534,156,4.02291664481163,80.12820512820514,0
923,3270,938,0.061470588235294124,261,4.3947394739165615,88.50574712643679,0
924,1957,600,0.06132352941176471,168,4.024902690734182,82.73809523809523,0
925,2255,622,0.0611764705882353,179,4.109404237576703,81.00558659217877,0
926,2563,804,0.06102941176470589,194,4.878707859933991,81.95876288659794,0
927,2256,650,0.06088235294117648,179,4.383358765580801,81.56424581005587,0
928,2823,754,0.06073529411764707,211,4.131580103630138,86.25592417061611,0
929,4137,1210,0.06058823529411765,282,4.193704905239403,87.58865248226951,1
930,3398,979,0.06044117647058824,245,4.4192790508270265,86.93877551020408,0
931,3408,901,0.060294117647058824,240,4.914818837245305,90.41666666666667,0
932,3384,878,0.060147058823529415,238,4.657590379735001,86.97478991596638,0
933,2545,678,0.060000000000000005,192,4.308996929476659,81.77083333333334,0
934,2933,859,0.05985294117647059,234,4.611203329175965,85.47008547008546,0
935,2867,796,0.05970588235294118,216,5.478124444131498,85.18518518518519,0
936,2630,694,0.05955882352941177,204,4.581846665517957,80.3921568627451,0
937,2104,611,0.05941176470588236,174,4.2473349783612395,78.73563218390804,0
938,3888,1104,0.05926470588235295,279,4.61097026384005,88.88888888888889,0
939,3146,951,0.05911764705882355,240,4.8144536783297855,87.08333333333333,0
940,3233,800,0.058970588235294136,225,4.54153439786699,86.22222222222223,0
941,3205,1013,0.058823529411764726,251,5.068391590954298,86.45418326693228,0
942,3429,976,0.058676470588235316,248,4.15799848639196,87.90322580645162,0
943,3756,1136,0.0585294117647059,276,4.7532666010269224,88.76811594202898,1
944,3920,1084,0.05838235294117649,275,4.789483170509339,88.72727272727273,0
945,3573,1114,0.05823529411764707,266,4.922415128776005,89.09774436090225,0
946,2310,718,0.05808823529411766,177,4.840068475001276,84.7457627118644,0
947,2403,727,0.05794117647058825,193,4.4630693364019836,83.41968911917098,0
948,2390,767,0.05779411764705884,189,4.758321384273509,83.06878306878306,0
949,2263,599,0.05764705882352943,169,4.363982735300911,84.61538461538461,0
950,3195,838,0.057500000000000016,237,4.531571854518939,84.38818565400844,0
951,4574,1159,0.057352941176470607,287,4.382095512197408,91.28919860627178,1
952,2163,627,0.0572058823529412,179,4.65836992010724,81.00558659217877,0
953,3188,878,0.05705882352941178,222,4.363789759240709,90.54054054054053,0
954,3792,1110,0.05691176470588237,264,4.888230289022128,88.25757575757575,0
955,2469,721,0.05676470588235295,197,4.606800152565622,83.24873096446701,0
956,2301,595,0.05661764705882354,177,4.64348162096099,83.05084745762711,0
957,3382,995,0.056470588235294134,256,4.8261343953199685,89.0625,0
958,2348,702,0.056323529411764724,178,4.121907281071953,82.58426966292134,0
959,4318,1162,0.056176470588235314,308,4.271912026327926,89.28571428571429,1
960,4051,1070,0.0560294117647059,271,5.3526983841758815,88.92988929889299,1
961,2837,727,0.05588235294117649,203,3.9126913858751946,83.74384236453201,0
962,3914,1108,0.05573529411764708,264,3.9969674041776946,90.15151515151516,1
963,3340,955,0.05558823529411767,238,4.550286499892964,85.29411764705883,0
964,5012,1414,0.05544117647058825,335,4.539431967664121,92.23880597014926,1
965,3764,1047,0.05529411764705884,254,4.144732931467492,89.37007874015748,0
966,4072,1075,0.055147058823529424,284,4.467993630489833,90.14084507042254,1
967,4155,1135,0.055000000000000014,294,4.393662818435098,88.77551020408163,1
968,2976,891,0.054852941176470604,223,4.914208826997355,86.54708520179372,0
969,2393,724,0.054705882352941194,174,5.107515993474544,82.18390804597702,0
970,2338,650,0.05455882352941178,174,4.392915131716893,83.33333333333334,0
971,3324,919,0.05441176470588237,257,4.59281979135966,89.10505836575877,0
972,4856,1300,0.05426470588235296,321,3.9219990660468365,89.7196261682243,1
973,4512,1236,0.05411764705882355,306,4.590854227153304,91.50326797385621,1
974,4015,1183,0.05397058823529413,278,4.552776765480316,87.76978417266187,1
975,2930,821,0.05382352941176472,217,3.618346004442136,86.17511520737328,0
976,4015,1174,0.05367647058823531,286,4.614894806088268,90.20979020979021,0
977,2747,812,0.053529411764705895,219,4.525135931903368,84.47488584474885,0
978,4251,1198,0.05338235294117648,298,4.485008238546,88.9261744966443,0
979,4512,1181,0.053235294117647075,302,4.732197914297218,91.72185430463577,1
980,2917,769,0.05308823529411766,214,4.872337706735201,84.57943925233646,0
981,5211,1504,0.052941176470588255,357,4.219037061645871,93.27731092436974,1
982,3282,865,0.05279411764705884,244,4.346637503534067,87.70491803278688,0
983,2506,734,0.05264705882352942,189,4.924162611128792,85.71428571428571,0
984,3142,829,0.05250000000000002,224,4.551931422735963,88.39285714285714,0
985,6618,1889,0.0523529411764706,451,4.499942956108212,93.12638580931264,1
986,4866,1433,0.05220588235294119,341,4.527983674205992,91.49560117302052,1
987,3476,969,0.052058823529411775,245,4.5405899597674,88.9795918367347,0
988,2856,750,0.05191176470588236,205,5.274279989847323,84.8780487804878,0
989,2314,606,0.051764705882352956,179,5.228881805968684,83.24022346368714,0
990,4206,1140,0.05161764705882354,286,4.594155140273221,90.20979020979021,0
991,2985,854,0.051470588235294136,217,5.022795776617691,85.71428571428571,0
992,2824,800,0.05132352941176472,214,4.051710724273574,82.2429906542056,0
993,3144,872,0.0511764705882353,229,4.6783247134570995,85.1528384279476,0
994,1988,486,0.0510294117647059,152,4.914666786789894,76.97368421052632,0
995,4303,1148,0.05088235294117648,297,4.373325601571337,91.24579124579124,1
996,3681,1111,0.05073529411764707,274,4.935393005827048,88.6861313868613,0
997,4543,1250,0.050588235294117656,310,4.414315465573342,92.58064516129032,1
998,3912,1103,0.050441176470588246,276,5.056564101274462,88.76811594202898,0
999,2490,699,0.050294117647058836,186,4.3085489580708165,84.40860215053763,0
1000,1690,524,0.05014705882352942,140,3.7906372649329048,77.85714285714286,0
